Company Name,Industry,Symbol,Series,ISIN Code,,
3M India Ltd.,SERVICES,3MINDIA,EQ,INE470A01017,"""3MINDIA.NS""","""3MINDIA.NS"","
ABB India Ltd.,INDUSTRIAL MANUFACTURING,ABB,EQ,INE117A01022,"""ABB.NS""","""ABB.NS"","
ACC Ltd.,CEMENT & CEMENT PRODUCTS,ACC,EQ,INE012A01025,"""ACC.NS""","""ACC.NS"","
AIA Engineering Ltd.,INDUSTRIAL MANUFACTURING,AIAENG,EQ,INE212H01026,"""AIAENG.NS""","""AIAENG.NS"","
APL Apollo Tubes Ltd.,METALS,APLAPOLLO,EQ,INE702C01019,"""APLAPOLLO.NS""","""APLAPOLLO.NS"","
AU Small Finance Bank Ltd.,FINANCIAL SERVICES,AUBANK,EQ,INE949L01017,"""AUBANK.NS""","""AUBANK.NS"","
Aarti Industries Ltd.,CHEMICALS,AARTIIND,EQ,INE769A01020,"""AARTIIND.NS""","""AARTIIND.NS"","
Aavas Financiers Ltd.,FINANCIAL SERVICES,AAVAS,EQ,INE216P01012,"""AAVAS.NS""","""AAVAS.NS"","
Abbott India Ltd.,PHARMA,ABBOTINDIA,EQ,INE358A01014,"""ABBOTINDIA.NS""","""ABBOTINDIA.NS"","
Adani Gas Ltd.,OIL & GAS,ADANIGAS,EQ,INE399L01023,"""ADANIGAS.NS""","""ADANIGAS.NS"","
Adani Green Energy Ltd.,POWER,ADANIGREEN,EQ,INE364U01010,"""ADANIGREEN.NS""","""ADANIGREEN.NS"","
Adani Ports and Special Economic Zone Ltd.,SERVICES,ADANIPORTS,EQ,INE742F01042,"""ADANIPORTS.NS""","""ADANIPORTS.NS"","
Adani Power Ltd.,POWER,ADANIPOWER,EQ,INE814H01011,"""ADANIPOWER.NS""","""ADANIPOWER.NS"","
Adani Transmission Ltd.,POWER,ADANITRANS,EQ,INE931S01010,"""ADANITRANS.NS""","""ADANITRANS.NS"","
Aditya Birla Capital Ltd.,FINANCIAL SERVICES,ABCAPITAL,EQ,INE674K01013,"""ABCAPITAL.NS""","""ABCAPITAL.NS"","
Aditya Birla Fashion and Retail Ltd.,CONSUMER GOODS,ABFRL,EQ,INE647O01011,"""ABFRL.NS""","""ABFRL.NS"","
Advanced Enzyme Tech Ltd.,CONSUMER GOODS,ADVENZYMES,EQ,INE837H01020,"""ADVENZYMES.NS""","""ADVENZYMES.NS"","
Aegis Logistics Ltd.,OIL & GAS,AEGISCHEM,EQ,INE208C01025,"""AEGISCHEM.NS""","""AEGISCHEM.NS"","
Affle (India) Ltd.,IT,AFFLE,EQ,INE00WC01019,"""AFFLE.NS""","""AFFLE.NS"","
Ajanta Pharmaceuticals Ltd.,PHARMA,AJANTPHARM,EQ,INE031B01049,"""AJANTPHARM.NS""","""AJANTPHARM.NS"","
Akzo Nobel India Ltd.,CONSUMER GOODS,AKZOINDIA,EQ,INE133A01011,"""AKZOINDIA.NS""","""AKZOINDIA.NS"","
Alembic Pharmaceuticals Ltd.,PHARMA,APLLTD,EQ,INE901L01018,"""APLLTD.NS""","""APLLTD.NS"","
Alkem Laboratories Ltd.,PHARMA,ALKEM,EQ,INE540L01014,"""ALKEM.NS""","""ALKEM.NS"","
Alkyl Amines Chemicals Ltd.,CHEMICALS,ALKYLAMINE,EQ,INE150B01021,"""ALKYLAMINE.NS""","""ALKYLAMINE.NS"","
Allcargo Logistics Ltd.,SERVICES,ALLCARGO,EQ,INE418H01029,"""ALLCARGO.NS""","""ALLCARGO.NS"","
Amara Raja Batteries Ltd.,AUTOMOBILE,AMARAJABAT,EQ,INE885A01032,"""AMARAJABAT.NS""","""AMARAJABAT.NS"","
Amber Enterprises India Ltd.,CONSUMER GOODS,AMBER,EQ,INE371P01015,"""AMBER.NS""","""AMBER.NS"","
Ambuja Cements Ltd.,CEMENT & CEMENT PRODUCTS,AMBUJACEM,EQ,INE079A01024,"""AMBUJACEM.NS""","""AMBUJACEM.NS"","
Apollo Hospitals Enterprise Ltd.,HEALTHCARE SERVICES,APOLLOHOSP,EQ,INE437A01024,"""APOLLOHOSP.NS""","""APOLLOHOSP.NS"","
Apollo Tyres Ltd.,AUTOMOBILE,APOLLOTYRE,EQ,INE438A01022,"""APOLLOTYRE.NS""","""APOLLOTYRE.NS"","
Arvind Fashions Ltd.,CONSUMER GOODS,ARVINDFASN,EQ,INE955V01021,"""ARVINDFASN.NS""","""ARVINDFASN.NS"","
Asahi India Glass Ltd.,AUTOMOBILE,ASAHIINDIA,EQ,INE439A01020,"""ASAHIINDIA.NS""","""ASAHIINDIA.NS"","
Ashok Leyland Ltd.,AUTOMOBILE,ASHOKLEY,EQ,INE208A01029,"""ASHOKLEY.NS""","""ASHOKLEY.NS"","
Ashoka Buildcon Ltd.,CONSTRUCTION,ASHOKA,EQ,INE442H01029,"""ASHOKA.NS""","""ASHOKA.NS"","
Asian Paints Ltd.,CONSUMER GOODS,ASIANPAINT,EQ,INE021A01026,"""ASIANPAINT.NS""","""ASIANPAINT.NS"","
Aster DM Healthcare Ltd.,HEALTHCARE SERVICES,ASTERDM,EQ,INE914M01019,"""ASTERDM.NS""","""ASTERDM.NS"","
AstraZenca Pharma India Ltd.,PHARMA,ASTRAZEN,EQ,INE203A01020,"""ASTRAZEN.NS""","""ASTRAZEN.NS"","
Astral Poly Technik Ltd.,INDUSTRIAL MANUFACTURING,ASTRAL,EQ,INE006I01046,"""ASTRAL.NS""","""ASTRAL.NS"","
Atul Ltd.,CHEMICALS,ATUL,EQ,INE100A01010,"""ATUL.NS""","""ATUL.NS"","
Aurobindo Pharma Ltd.,PHARMA,AUROPHARMA,EQ,INE406A01037,"""AUROPHARMA.NS""","""AUROPHARMA.NS"","
Avanti Feeds Ltd.,CONSUMER GOODS,AVANTIFEED,EQ,INE871C01038,"""AVANTIFEED.NS""","""AVANTIFEED.NS"","
Avenue Supermarts Ltd.,CONSUMER GOODS,DMART,EQ,INE192R01011,"""DMART.NS""","""DMART.NS"","
Axis Bank Ltd.,FINANCIAL SERVICES,AXISBANK,EQ,INE238A01034,"""AXISBANK.NS""","""AXISBANK.NS"","
BASF India Ltd.,CHEMICALS,BASF,EQ,INE373A01013,"""BASF.NS""","""BASF.NS"","
BEML Ltd.,INDUSTRIAL MANUFACTURING,BEML,EQ,INE258A01016,"""BEML.NS""","""BEML.NS"","
BSE Ltd.,FINANCIAL SERVICES,BSE,EQ,INE118H01025,"""BSE.NS""","""BSE.NS"","
Bajaj Auto Ltd.,AUTOMOBILE,BAJAJ-AUTO,EQ,INE917I01010,"""BAJAJ-AUTO.NS""","""BAJAJ-AUTO.NS"","
Bajaj Consumer Care Ltd.,CONSUMER GOODS,BAJAJCON,EQ,INE933K01021,"""BAJAJCON.NS""","""BAJAJCON.NS"","
Bajaj Electricals Ltd,CONSUMER GOODS,BAJAJELEC,EQ,INE193E01025,"""BAJAJELEC.NS""","""BAJAJELEC.NS"","
Bajaj Finance Ltd.,FINANCIAL SERVICES,BAJFINANCE,EQ,INE296A01024,"""BAJFINANCE.NS""","""BAJFINANCE.NS"","
Bajaj Finserv Ltd.,FINANCIAL SERVICES,BAJAJFINSV,EQ,INE918I01018,"""BAJAJFINSV.NS""","""BAJAJFINSV.NS"","
Bajaj Holdings & Investment Ltd.,FINANCIAL SERVICES,BAJAJHLDNG,EQ,INE118A01012,"""BAJAJHLDNG.NS""","""BAJAJHLDNG.NS"","
Balkrishna Industries Ltd.,AUTOMOBILE,BALKRISIND,EQ,INE787D01026,"""BALKRISIND.NS""","""BALKRISIND.NS"","
Balmer Lawrie & Co. Ltd.,INDUSTRIAL MANUFACTURING,BALMLAWRIE,EQ,INE164A01016,"""BALMLAWRIE.NS""","""BALMLAWRIE.NS"","
Balrampur Chini Mills Ltd.,CONSUMER GOODS,BALRAMCHIN,EQ,INE119A01028,"""BALRAMCHIN.NS""","""BALRAMCHIN.NS"","
Bandhan Bank Ltd.,FINANCIAL SERVICES,BANDHANBNK,EQ,INE545U01014,"""BANDHANBNK.NS""","""BANDHANBNK.NS"","
Bank of Baroda,FINANCIAL SERVICES,BANKBARODA,EQ,INE028A01039,"""BANKBARODA.NS""","""BANKBARODA.NS"","
Bank of India,FINANCIAL SERVICES,BANKINDIA,EQ,INE084A01016,"""BANKINDIA.NS""","""BANKINDIA.NS"","
Bank of Maharashtra.,FINANCIAL SERVICES,MAHABANK,EQ,INE457A01014,"""MAHABANK.NS""","""MAHABANK.NS"","
Bata India Ltd.,CONSUMER GOODS,BATAINDIA,EQ,INE176A01028,"""BATAINDIA.NS""","""BATAINDIA.NS"","
Bayer Cropscience Ltd.,FERTILISERS & PESTICIDES,BAYERCROP,EQ,INE462A01022,"""BAYERCROP.NS""","""BAYERCROP.NS"","
Berger Paints India Ltd.,CONSUMER GOODS,BERGEPAINT,EQ,INE463A01038,"""BERGEPAINT.NS""","""BERGEPAINT.NS"","
Bharat Dynamics Ltd.,INDUSTRIAL MANUFACTURING,BDL,EQ,INE171Z01018,"""BDL.NS""","""BDL.NS"","
Bharat Electronics Ltd.,INDUSTRIAL MANUFACTURING,BEL,EQ,INE263A01024,"""BEL.NS""","""BEL.NS"","
Bharat Forge Ltd.,INDUSTRIAL MANUFACTURING,BHARATFORG,EQ,INE465A01025,"""BHARATFORG.NS""","""BHARATFORG.NS"","
Bharat Heavy Electricals Ltd.,INDUSTRIAL MANUFACTURING,BHEL,EQ,INE257A01026,"""BHEL.NS""","""BHEL.NS"","
Bharat Petroleum Corporation Ltd.,OIL & GAS,BPCL,EQ,INE029A01011,"""BPCL.NS""","""BPCL.NS"","
Bharat Rasayan Ltd.,FERTILISERS & PESTICIDES,BHARATRAS,EQ,INE838B01013,"""BHARATRAS.NS""","""BHARATRAS.NS"","
Bharti Airtel Ltd.,TELECOM,BHARTIARTL,EQ,INE397D01024,"""BHARTIARTL.NS""","""BHARTIARTL.NS"","
Bharti Infratel Ltd.,TELECOM,INFRATEL,EQ,INE121J01017,"""INFRATEL.NS""","""INFRATEL.NS"","
Biocon Ltd.,PHARMA,BIOCON,EQ,INE376G01013,"""BIOCON.NS""","""BIOCON.NS"","
Birla Corporation Ltd.,CEMENT & CEMENT PRODUCTS,BIRLACORPN,EQ,INE340A01012,"""BIRLACORPN.NS""","""BIRLACORPN.NS"","
Birlasoft Ltd.,IT,BSOFT,EQ,INE836A01035,"""BSOFT.NS""","""BSOFT.NS"","
Bliss GVS Pharma Ltd.,PHARMA,BLISSGVS,EQ,INE416D01022,"""BLISSGVS.NS""","""BLISSGVS.NS"","
Blue Dart Express Ltd.,SERVICES,BLUEDART,EQ,INE233B01017,"""BLUEDART.NS""","""BLUEDART.NS"","
Blue Star Ltd.,CONSUMER GOODS,BLUESTARCO,EQ,INE472A01039,"""BLUESTARCO.NS""","""BLUESTARCO.NS"","
Bombay Burmah Trading Corporation Ltd.,CONSUMER GOODS,BBTC,EQ,INE050A01025,"""BBTC.NS""","""BBTC.NS"","
Bombay Dyeing & Manufacturing Co. Ltd.,CONSTRUCTION,BOMDYEING,EQ,INE032A01023,"""BOMDYEING.NS""","""BOMDYEING.NS"","
Bosch Ltd.,AUTOMOBILE,BOSCHLTD,EQ,INE323A01026,"""BOSCHLTD.NS""","""BOSCHLTD.NS"","
Brigade Enterprises Ltd.,CONSTRUCTION,BRIGADE,EQ,INE791I01019,"""BRIGADE.NS""","""BRIGADE.NS"","
Britannia Industries Ltd.,CONSUMER GOODS,BRITANNIA,EQ,INE216A01030,"""BRITANNIA.NS""","""BRITANNIA.NS"","
CARE Ratings Ltd.,FINANCIAL SERVICES,CARERATING,EQ,INE752H01013,"""CARERATING.NS""","""CARERATING.NS"","
CCL Products (I) Ltd.,CONSUMER GOODS,CCL,EQ,INE421D01022,"""CCL.NS""","""CCL.NS"","
CESC Ltd.,POWER,CESC,EQ,INE486A01013,"""CESC.NS""","""CESC.NS"","
CRISIL Ltd.,FINANCIAL SERVICES,CRISIL,EQ,INE007A01025,"""CRISIL.NS""","""CRISIL.NS"","
CSB Bank Ltd.,FINANCIAL SERVICES,CSBBANK,EQ,INE679A01013,"""CSBBANK.NS""","""CSBBANK.NS"","
Cadila Healthcare Ltd.,PHARMA,CADILAHC,EQ,INE010B01027,"""CADILAHC.NS""","""CADILAHC.NS"","
Can Fin Homes Ltd.,FINANCIAL SERVICES,CANFINHOME,EQ,INE477A01020,"""CANFINHOME.NS""","""CANFINHOME.NS"","
Canara Bank,FINANCIAL SERVICES,CANBK,EQ,INE476A01014,"""CANBK.NS""","""CANBK.NS"","
Caplin Point Laboratories Ltd.,PHARMA,CAPLIPOINT,EQ,INE475E01026,"""CAPLIPOINT.NS""","""CAPLIPOINT.NS"","
Capri Global Capital Ltd.,FINANCIAL SERVICES,CGCL,EQ,INE180C01026,"""CGCL.NS""","""CGCL.NS"","
Carborundum Universal Ltd.,INDUSTRIAL MANUFACTURING,CARBORUNIV,EQ,INE120A01034,"""CARBORUNIV.NS""","""CARBORUNIV.NS"","
Castrol India Ltd.,OIL & GAS,CASTROLIND,EQ,INE172A01027,"""CASTROLIND.NS""","""CASTROLIND.NS"","
Ceat Ltd.,AUTOMOBILE,CEATLTD,EQ,INE482A01020,"""CEATLTD.NS""","""CEATLTD.NS"","
Central Bank of India,FINANCIAL SERVICES,CENTRALBK,EQ,INE483A01010,"""CENTRALBK.NS""","""CENTRALBK.NS"","
Central Depository Services (India) Ltd.,FINANCIAL SERVICES,CDSL,EQ,INE736A01011,"""CDSL.NS""","""CDSL.NS"","
Century Plyboards (India) Ltd.,CONSUMER GOODS,CENTURYPLY,EQ,INE348B01021,"""CENTURYPLY.NS""","""CENTURYPLY.NS"","
Century Textile & Industries Ltd.,PAPER,CENTURYTEX,EQ,INE055A01016,"""CENTURYTEX.NS""","""CENTURYTEX.NS"","
Cera Sanitaryware Ltd,CONSTRUCTION,CERA,EQ,INE739E01017,"""CERA.NS""","""CERA.NS"","
Chambal Fertilizers & Chemicals Ltd.,FERTILISERS & PESTICIDES,CHAMBLFERT,EQ,INE085A01013,"""CHAMBLFERT.NS""","""CHAMBLFERT.NS"","
Chennai Petroleum Corporation Ltd.,OIL & GAS,CHENNPETRO,EQ,INE178A01016,"""CHENNPETRO.NS""","""CHENNPETRO.NS"","
Cholamandalam Financial Holdings Ltd.,FINANCIAL SERVICES,CHOLAHLDNG,EQ,INE149A01033,"""CHOLAHLDNG.NS""","""CHOLAHLDNG.NS"","
Cholamandalam Investment and Finance Company Ltd.,FINANCIAL SERVICES,CHOLAFIN,EQ,INE121A01024,"""CHOLAFIN.NS""","""CHOLAFIN.NS"","
Cipla Ltd.,PHARMA,CIPLA,EQ,INE059A01026,"""CIPLA.NS""","""CIPLA.NS"","
City Union Bank Ltd.,FINANCIAL SERVICES,CUB,EQ,INE491A01021,"""CUB.NS""","""CUB.NS"","
Coal India Ltd.,METALS,COALINDIA,EQ,INE522F01014,"""COALINDIA.NS""","""COALINDIA.NS"","
Cochin Shipyard Ltd.,INDUSTRIAL MANUFACTURING,COCHINSHIP,EQ,INE704P01017,"""COCHINSHIP.NS""","""COCHINSHIP.NS"","
Coforge Ltd.,IT,COFORGE,EQ,INE591G01017,"""COFORGE.NS""","""COFORGE.NS"","
Colgate Palmolive (India) Ltd.,CONSUMER GOODS,COLPAL,EQ,INE259A01022,"""COLPAL.NS""","""COLPAL.NS"","
Container Corporation of India Ltd.,SERVICES,CONCOR,EQ,INE111A01025,"""CONCOR.NS""","""CONCOR.NS"","
Coromandel International Ltd.,FERTILISERS & PESTICIDES,COROMANDEL,EQ,INE169A01031,"""COROMANDEL.NS""","""COROMANDEL.NS"","
CreditAccess Grameen Ltd.,FINANCIAL SERVICES,CREDITACC,EQ,INE741K01010,"""CREDITACC.NS""","""CREDITACC.NS"","
Crompton Greaves Consumer Electricals Ltd.,CONSUMER GOODS,CROMPTON,EQ,INE299U01018,"""CROMPTON.NS""","""CROMPTON.NS"","
Cummins India Ltd.,INDUSTRIAL MANUFACTURING,CUMMINSIND,EQ,INE298A01020,"""CUMMINSIND.NS""","""CUMMINSIND.NS"","
Cyient Ltd.,IT,CYIENT,EQ,INE136B01020,"""CYIENT.NS""","""CYIENT.NS"","
D.B.Corp Ltd.,MEDIA & ENTERTAINMENT,DBCORP,EQ,INE950I01011,"""DBCORP.NS""","""DBCORP.NS"","
DCB Bank Ltd.,FINANCIAL SERVICES,DCBBANK,EQ,INE503A01015,"""DCBBANK.NS""","""DCBBANK.NS"","
DCM Shriram Ltd.,CONSUMER GOODS,DCMSHRIRAM,EQ,INE499A01024,"""DCMSHRIRAM.NS""","""DCMSHRIRAM.NS"","
DLF Ltd.,CONSTRUCTION,DLF,EQ,INE271C01023,"""DLF.NS""","""DLF.NS"","
Dabur India Ltd.,CONSUMER GOODS,DABUR,EQ,INE016A01026,"""DABUR.NS""","""DABUR.NS"","
Dalmia Bharat Ltd.,CEMENT & CEMENT PRODUCTS,DALBHARAT,EQ,INE00R701025,"""DALBHARAT.NS""","""DALBHARAT.NS"","
Deepak Nitrite Ltd.,CHEMICALS,DEEPAKNTR,EQ,INE288B01029,"""DEEPAKNTR.NS""","""DEEPAKNTR.NS"","
Delta Corp Ltd.,SERVICES,DELTACORP,EQ,INE124G01033,"""DELTACORP.NS""","""DELTACORP.NS"","
Dhanuka Agritech Ltd.,FERTILISERS & PESTICIDES,DHANUKA,EQ,INE435G01025,"""DHANUKA.NS""","""DHANUKA.NS"","
Dilip Buildcon Ltd.,CONSTRUCTION,DBL,EQ,INE917M01012,"""DBL.NS""","""DBL.NS"","
Dish TV India Ltd.,MEDIA & ENTERTAINMENT,DISHTV,EQ,INE836F01026,"""DISHTV.NS""","""DISHTV.NS"","
Dishman Carbogen Amcis Ltd.,PHARMA,DCAL,EQ,INE385W01011,"""DCAL.NS""","""DCAL.NS"","
Divi's Laboratories Ltd.,PHARMA,DIVISLAB,EQ,INE361B01024,"""DIVISLAB.NS""","""DIVISLAB.NS"","
Dixon Technologies (India) Ltd.,CONSUMER GOODS,DIXON,EQ,INE935N01012,"""DIXON.NS""","""DIXON.NS"","
Dr. Lal Path Labs Ltd.,HEALTHCARE SERVICES,LALPATHLAB,EQ,INE600L01024,"""LALPATHLAB.NS""","""LALPATHLAB.NS"","
Dr. Reddy's Laboratories Ltd.,PHARMA,DRREDDY,EQ,INE089A01023,"""DRREDDY.NS""","""DRREDDY.NS"","
E.I.D. Parry (India) Ltd.,FERTILISERS & PESTICIDES,EIDPARRY,EQ,INE126A01031,"""EIDPARRY.NS""","""EIDPARRY.NS"","
EIH Ltd.,SERVICES,EIHOTEL,EQ,INE230A01023,"""EIHOTEL.NS""","""EIHOTEL.NS"","
ESAB India Ltd.,INDUSTRIAL MANUFACTURING,ESABINDIA,EQ,INE284A01012,"""ESABINDIA.NS""","""ESABINDIA.NS"","
Edelweiss Financial Services Ltd.,FINANCIAL SERVICES,EDELWEISS,EQ,INE532F01054,"""EDELWEISS.NS""","""EDELWEISS.NS"","
Eicher Motors Ltd.,AUTOMOBILE,EICHERMOT,EQ,INE066A01013,"""EICHERMOT.NS""","""EICHERMOT.NS"","
Elgi Equipments Ltd.,INDUSTRIAL MANUFACTURING,ELGIEQUIP,EQ,INE285A01027,"""ELGIEQUIP.NS""","""ELGIEQUIP.NS"","
Emami Ltd.,CONSUMER GOODS,EMAMILTD,EQ,INE548C01032,"""EMAMILTD.NS""","""EMAMILTD.NS"","
Endurance Technologies Ltd.,AUTOMOBILE,ENDURANCE,EQ,INE913H01037,"""ENDURANCE.NS""","""ENDURANCE.NS"","
Engineers India Ltd.,CONSTRUCTION,ENGINERSIN,EQ,INE510A01028,"""ENGINERSIN.NS""","""ENGINERSIN.NS"","
Equitas Holdings Ltd.,FINANCIAL SERVICES,EQUITAS,EQ,INE988K01017,"""EQUITAS.NS""","""EQUITAS.NS"","
Eris Lifesciences Ltd.,PHARMA,ERIS,EQ,INE406M01024,"""ERIS.NS""","""ERIS.NS"","
Escorts Ltd.,AUTOMOBILE,ESCORTS,EQ,INE042A01014,"""ESCORTS.NS""","""ESCORTS.NS"","
Essel Propack Ltd.,INDUSTRIAL MANUFACTURING,ESSELPACK,EQ,INE255A01020,"""ESSELPACK.NS""","""ESSELPACK.NS"","
Exide Industries Ltd.,AUTOMOBILE,EXIDEIND,EQ,INE302A01020,"""EXIDEIND.NS""","""EXIDEIND.NS"","
FDC Ltd.,PHARMA,FDC,EQ,INE258B01022,"""FDC.NS""","""FDC.NS"","
Federal Bank Ltd.,FINANCIAL SERVICES,FEDERALBNK,EQ,INE171A01029,"""FEDERALBNK.NS""","""FEDERALBNK.NS"","
Fine Organic Industries Ltd.,CHEMICALS,FINEORG,EQ,INE686Y01026,"""FINEORG.NS""","""FINEORG.NS"","
Finolex Cables Ltd.,INDUSTRIAL MANUFACTURING,FINCABLES,EQ,INE235A01022,"""FINCABLES.NS""","""FINCABLES.NS"","
Finolex Industries Ltd.,INDUSTRIAL MANUFACTURING,FINPIPE,EQ,INE183A01016,"""FINPIPE.NS""","""FINPIPE.NS"","
Firstsource Solutions Ltd.,IT,FSL,EQ,INE684F01012,"""FSL.NS""","""FSL.NS"","
Fortis Healthcare Ltd.,HEALTHCARE SERVICES,FORTIS,EQ,INE061F01013,"""FORTIS.NS""","""FORTIS.NS"","
Future Consumer Ltd.,CONSUMER GOODS,FCONSUMER,EQ,INE220J01025,"""FCONSUMER.NS""","""FCONSUMER.NS"","
Future Retail Ltd.,CONSUMER GOODS,FRETAIL,EQ,INE752P01024,"""FRETAIL.NS""","""FRETAIL.NS"","
GAIL (India) Ltd.,OIL & GAS,GAIL,EQ,INE129A01019,"""GAIL.NS""","""GAIL.NS"","
GE Power India Ltd.,INDUSTRIAL MANUFACTURING,GEPIL,EQ,INE878A01011,"""GEPIL.NS""","""GEPIL.NS"","
GE T&D India Ltd.,INDUSTRIAL MANUFACTURING,GET&D,EQ,INE200A01026,"""GET&D.NS""","""GET&D.NS"","
GHCL Ltd.,CHEMICALS,GHCL,EQ,INE539A01019,"""GHCL.NS""","""GHCL.NS"","
GMM Pfaudler Ltd.,INDUSTRIAL MANUFACTURING,GMMPFAUDLR,EQ,INE541A01023,"""GMMPFAUDLR.NS""","""GMMPFAUDLR.NS"","
GMR Infrastructure Ltd.,CONSTRUCTION,GMRINFRA,EQ,INE776C01039,"""GMRINFRA.NS""","""GMRINFRA.NS"","
Galaxy Surfactants Ltd.,CHEMICALS,GALAXYSURF,EQ,INE600K01018,"""GALAXYSURF.NS""","""GALAXYSURF.NS"","
Garden Reach Shipbuilders & Engineers Ltd.,INDUSTRIAL MANUFACTURING,GRSE,EQ,INE382Z01011,"""GRSE.NS""","""GRSE.NS"","
Garware Technical Fibres Ltd.,TEXTILES,GARFIBRES,EQ,INE276A01018,"""GARFIBRES.NS""","""GARFIBRES.NS"","
General Insurance Corporation of India,FINANCIAL SERVICES,GICRE,EQ,INE481Y01014,"""GICRE.NS""","""GICRE.NS"","
Gillette India Ltd.,CONSUMER GOODS,GILLETTE,EQ,INE322A01010,"""GILLETTE.NS""","""GILLETTE.NS"","
Glaxosmithkline Pharmaceuticals Ltd.,PHARMA,GLAXO,EQ,INE159A01016,"""GLAXO.NS""","""GLAXO.NS"","
Glenmark Pharmaceuticals Ltd.,PHARMA,GLENMARK,EQ,INE935A01035,"""GLENMARK.NS""","""GLENMARK.NS"","
Godfrey Phillips India Ltd.,CONSUMER GOODS,GODFRYPHLP,EQ,INE260B01028,"""GODFRYPHLP.NS""","""GODFRYPHLP.NS"","
Godrej Agrovet Ltd.,CONSUMER GOODS,GODREJAGRO,EQ,INE850D01014,"""GODREJAGRO.NS""","""GODREJAGRO.NS"","
Godrej Consumer Products Ltd.,CONSUMER GOODS,GODREJCP,EQ,INE102D01028,"""GODREJCP.NS""","""GODREJCP.NS"","
Godrej Industries Ltd.,CONSUMER GOODS,GODREJIND,EQ,INE233A01035,"""GODREJIND.NS""","""GODREJIND.NS"","
Godrej Properties Ltd.,CONSTRUCTION,GODREJPROP,EQ,INE484J01027,"""GODREJPROP.NS""","""GODREJPROP.NS"","
Granules India Ltd.,PHARMA,GRANULES,EQ,INE101D01020,"""GRANULES.NS""","""GRANULES.NS"","
Graphite India Ltd.,INDUSTRIAL MANUFACTURING,GRAPHITE,EQ,INE371A01025,"""GRAPHITE.NS""","""GRAPHITE.NS"","
Grasim Industries Ltd.,CEMENT & CEMENT PRODUCTS,GRASIM,EQ,INE047A01021,"""GRASIM.NS""","""GRASIM.NS"","
Great Eastern Shipping Co. Ltd.,SERVICES,GESHIP,EQ,INE017A01032,"""GESHIP.NS""","""GESHIP.NS"","
Greaves Cotton Ltd.,INDUSTRIAL MANUFACTURING,GREAVESCOT,EQ,INE224A01026,"""GREAVESCOT.NS""","""GREAVESCOT.NS"","
Grindwell Norton Ltd.,INDUSTRIAL MANUFACTURING,GRINDWELL,EQ,INE536A01023,"""GRINDWELL.NS""","""GRINDWELL.NS"","
Gujarat Alkalies & Chemicals Ltd.,CHEMICALS,GUJALKALI,EQ,INE186A01019,"""GUJALKALI.NS""","""GUJALKALI.NS"","
Gujarat Fluorochemicals Ltd.,CHEMICALS,FLUOROCHEM,EQ,INE09N301011,"""FLUOROCHEM.NS""","""FLUOROCHEM.NS"","
Gujarat Gas Ltd.,OIL & GAS,GUJGASLTD,EQ,INE844O01030,"""GUJGASLTD.NS""","""GUJGASLTD.NS"","
Gujarat Mineral Development Corporation Ltd.,METALS,GMDCLTD,EQ,INE131A01031,"""GMDCLTD.NS""","""GMDCLTD.NS"","
Gujarat Narmada Valley Fertilizers and Chemicals Ltd.,CHEMICALS,GNFC,EQ,INE113A01013,"""GNFC.NS""","""GNFC.NS"","
Gujarat Pipavav Port Ltd.,SERVICES,GPPL,EQ,INE517F01014,"""GPPL.NS""","""GPPL.NS"","
Gujarat State Fertilizers & Chemicals Ltd.,FERTILISERS & PESTICIDES,GSFC,EQ,INE026A01025,"""GSFC.NS""","""GSFC.NS"","
Gujarat State Petronet Ltd.,OIL & GAS,GSPL,EQ,INE246F01010,"""GSPL.NS""","""GSPL.NS"","
Gulf Oil Lubricants India Ltd.,OIL & GAS,GULFOILLUB,EQ,INE635Q01029,"""GULFOILLUB.NS""","""GULFOILLUB.NS"","
H.E.G. Ltd.,INDUSTRIAL MANUFACTURING,HEG,EQ,INE545A01016,"""HEG.NS""","""HEG.NS"","
HCL Technologies Ltd.,IT,HCLTECH,EQ,INE860A01027,"""HCLTECH.NS""","""HCLTECH.NS"","
HDFC Asset Management Company Ltd.,FINANCIAL SERVICES,HDFCAMC,EQ,INE127D01025,"""HDFCAMC.NS""","""HDFCAMC.NS"","
HDFC Bank Ltd.,FINANCIAL SERVICES,HDFCBANK,EQ,INE040A01034,"""HDFCBANK.NS""","""HDFCBANK.NS"","
HDFC Life Insurance Company Ltd.,FINANCIAL SERVICES,HDFCLIFE,EQ,INE795G01014,"""HDFCLIFE.NS""","""HDFCLIFE.NS"","
HFCL Ltd.,TELECOM,HFCL,EQ,INE548A01028,"""HFCL.NS""","""HFCL.NS"","
Hathway Cable & Datacom Ltd.,MEDIA & ENTERTAINMENT,HATHWAY,BE,INE982F01036,"""HATHWAY.NS""","""HATHWAY.NS"","
Hatsun Agro Product Ltd.,CONSUMER GOODS,HATSUN,EQ,INE473B01035,"""HATSUN.NS""","""HATSUN.NS"","
Havells India Ltd.,CONSUMER GOODS,HAVELLS,EQ,INE176B01034,"""HAVELLS.NS""","""HAVELLS.NS"","
HeidelbergCement India Ltd.,CEMENT & CEMENT PRODUCTS,HEIDELBERG,EQ,INE578A01017,"""HEIDELBERG.NS""","""HEIDELBERG.NS"","
Heritage Foods Ltd.,CONSUMER GOODS,HERITGFOOD,EQ,INE978A01027,"""HERITGFOOD.NS""","""HERITGFOOD.NS"","
Hero MotoCorp Ltd.,AUTOMOBILE,HEROMOTOCO,EQ,INE158A01026,"""HEROMOTOCO.NS""","""HEROMOTOCO.NS"","
Hexaware Technologies Ltd.,IT,HEXAWARE,EQ,INE093A01033,"""HEXAWARE.NS""","""HEXAWARE.NS"","
Himadri Speciality Chemical Ltd.,CHEMICALS,HSCL,EQ,INE019C01026,"""HSCL.NS""","""HSCL.NS"","
Himatsingka Seide Ltd.,TEXTILES,HIMATSEIDE,EQ,INE049A01027,"""HIMATSEIDE.NS""","""HIMATSEIDE.NS"","
Hindalco Industries Ltd.,METALS,HINDALCO,EQ,INE038A01020,"""HINDALCO.NS""","""HINDALCO.NS"","
Hindustan Aeronautics Ltd.,INDUSTRIAL MANUFACTURING,HAL,EQ,INE066F01012,"""HAL.NS""","""HAL.NS"","
Hindustan Copper Ltd.,METALS,HINDCOPPER,EQ,INE531E01026,"""HINDCOPPER.NS""","""HINDCOPPER.NS"","
Hindustan Petroleum Corporation Ltd.,OIL & GAS,HINDPETRO,EQ,INE094A01015,"""HINDPETRO.NS""","""HINDPETRO.NS"","
Hindustan Unilever Ltd.,CONSUMER GOODS,HINDUNILVR,EQ,INE030A01027,"""HINDUNILVR.NS""","""HINDUNILVR.NS"","
Hindustan Zinc Ltd.,METALS,HINDZINC,EQ,INE267A01025,"""HINDZINC.NS""","""HINDZINC.NS"","
Honeywell Automation India Ltd.,INDUSTRIAL MANUFACTURING,HONAUT,EQ,INE671A01010,"""HONAUT.NS""","""HONAUT.NS"","
Housing & Urban Development Corporation Ltd.,FINANCIAL SERVICES,HUDCO,EQ,INE031A01017,"""HUDCO.NS""","""HUDCO.NS"","
Housing Development Finance Corporation Ltd.,FINANCIAL SERVICES,HDFC,EQ,INE001A01036,"""HDFC.NS""","""HDFC.NS"","
ICICI Bank Ltd.,FINANCIAL SERVICES,ICICIBANK,EQ,INE090A01021,"""ICICIBANK.NS""","""ICICIBANK.NS"","
ICICI Lombard General Insurance Company Ltd.,FINANCIAL SERVICES,ICICIGI,EQ,INE765G01017,"""ICICIGI.NS""","""ICICIGI.NS"","
ICICI Prudential Life Insurance Company Ltd.,FINANCIAL SERVICES,ICICIPRULI,EQ,INE726G01019,"""ICICIPRULI.NS""","""ICICIPRULI.NS"","
ICICI Securities Ltd.,FINANCIAL SERVICES,ISEC,EQ,INE763G01038,"""ISEC.NS""","""ISEC.NS"","
ICRA Ltd.,FINANCIAL SERVICES,ICRA,EQ,INE725G01011,"""ICRA.NS""","""ICRA.NS"","
IDBI Bank Ltd.,FINANCIAL SERVICES,IDBI,EQ,INE008A01015,"""IDBI.NS""","""IDBI.NS"","
IDFC First Bank Ltd.,FINANCIAL SERVICES,IDFCFIRSTB,EQ,INE092T01019,"""IDFCFIRSTB.NS""","""IDFCFIRSTB.NS"","
IDFC Ltd.,FINANCIAL SERVICES,IDFC,EQ,INE043D01016,"""IDFC.NS""","""IDFC.NS"","
IFB Industries Ltd.,CONSUMER GOODS,IFBIND,EQ,INE559A01017,"""IFBIND.NS""","""IFBIND.NS"","
IFCI Ltd.,FINANCIAL SERVICES,IFCI,EQ,INE039A01010,"""IFCI.NS""","""IFCI.NS"","
IIFL Finance Ltd.,FINANCIAL SERVICES,IIFL,EQ,INE530B01024,"""IIFL.NS""","""IIFL.NS"","
IIFL Wealth Management Ltd.,FINANCIAL SERVICES,IIFLWAM,EQ,INE466L01020,"""IIFLWAM.NS""","""IIFLWAM.NS"","
IRB Infrastructure Developers Ltd.,CONSTRUCTION,IRB,EQ,INE821I01014,"""IRB.NS""","""IRB.NS"","
IRCON International Ltd.,CONSTRUCTION,IRCON,EQ,INE962Y01021,"""IRCON.NS""","""IRCON.NS"","
ITC Ltd.,CONSUMER GOODS,ITC,EQ,INE154A01025,"""ITC.NS""","""ITC.NS"","
ITI Ltd.,TELECOM,ITI,EQ,INE248A01017,"""ITI.NS""","""ITI.NS"","
India Cements Ltd.,CEMENT & CEMENT PRODUCTS,INDIACEM,EQ,INE383A01012,"""INDIACEM.NS""","""INDIACEM.NS"","
India Tourism Development Corporation Ltd.,SERVICES,ITDC,EQ,INE353K01014,"""ITDC.NS""","""ITDC.NS"","
Indiabulls Housing Finance Ltd.,FINANCIAL SERVICES,IBULHSGFIN,EQ,INE148I01020,"""IBULHSGFIN.NS""","""IBULHSGFIN.NS"","
Indiabulls Real Estate Ltd.,CONSTRUCTION,IBREALEST,EQ,INE069I01010,"""IBREALEST.NS""","""IBREALEST.NS"","
Indiabulls Ventures Ltd.,FINANCIAL SERVICES,IBVENTURES,EQ,INE274G01010,"""IBVENTURES.NS""","""IBVENTURES.NS"","
Indiamart Intermesh Ltd.,CONSUMER GOODS,INDIAMART,EQ,INE933S01016,"""INDIAMART.NS""","""INDIAMART.NS"","
Indian Bank,FINANCIAL SERVICES,INDIANB,EQ,INE562A01011,"""INDIANB.NS""","""INDIANB.NS"","
Indian Energy Exchange Ltd.,FINANCIAL SERVICES,IEX,EQ,INE022Q01020,"""IEX.NS""","""IEX.NS"","
Indian Hotels Co. Ltd.,SERVICES,INDHOTEL,EQ,INE053A01029,"""INDHOTEL.NS""","""INDHOTEL.NS"","
Indian Oil Corporation Ltd.,OIL & GAS,IOC,EQ,INE242A01010,"""IOC.NS""","""IOC.NS"","
Indian Overseas Bank ,FINANCIAL SERVICES,IOB,EQ,INE565A01014,"""IOB.NS""","""IOB.NS"","
Indian Railway Catering And Tourism Corporation Ltd.,SERVICES,IRCTC,EQ,INE335Y01012,"""IRCTC.NS""","""IRCTC.NS"","
IndoStar Capital Finance Ltd.,FINANCIAL SERVICES,INDOSTAR,EQ,INE896L01010,"""INDOSTAR.NS""","""INDOSTAR.NS"","
Indoco Remedies Ltd.,PHARMA,INDOCO,EQ,INE873D01024,"""INDOCO.NS""","""INDOCO.NS"","
Indraprastha Gas Ltd.,OIL & GAS,IGL,EQ,INE203G01027,"""IGL.NS""","""IGL.NS"","
IndusInd Bank Ltd.,FINANCIAL SERVICES,INDUSINDBK,EQ,INE095A01012,"""INDUSINDBK.NS""","""INDUSINDBK.NS"","
Infibeam Avenues Ltd.,IT,INFIBEAM,EQ,INE483S01020,"""INFIBEAM.NS""","""INFIBEAM.NS"","
Info Edge (India) Ltd.,IT,NAUKRI,EQ,INE663F01024,"""NAUKRI.NS""","""NAUKRI.NS"","
Infosys Ltd.,IT,INFY,EQ,INE009A01021,"""INFY.NS""","""INFY.NS"","
Ingersoll Rand (India) Ltd.,INDUSTRIAL MANUFACTURING,INGERRAND,EQ,INE177A01018,"""INGERRAND.NS""","""INGERRAND.NS"","
Inox Leisure Ltd.,MEDIA & ENTERTAINMENT,INOXLEISUR,EQ,INE312H01016,"""INOXLEISUR.NS""","""INOXLEISUR.NS"","
Intellect Design Arena Ltd.,IT,INTELLECT,EQ,INE306R01017,"""INTELLECT.NS""","""INTELLECT.NS"","
InterGlobe Aviation Ltd.,SERVICES,INDIGO,EQ,INE646L01027,"""INDIGO.NS""","""INDIGO.NS"","
Ipca Laboratories Ltd.,PHARMA,IPCALAB,EQ,INE571A01020,"""IPCALAB.NS""","""IPCALAB.NS"","
J.B. Chemicals & Pharmaceuticals Ltd.,PHARMA,JBCHEPHARM,EQ,INE572A01028,"""JBCHEPHARM.NS""","""JBCHEPHARM.NS"","
J.K. Cement Ltd.,CEMENT & CEMENT PRODUCTS,JKCEMENT,EQ,INE823G01014,"""JKCEMENT.NS""","""JKCEMENT.NS"","
JK Lakshmi Cement Ltd.,CEMENT & CEMENT PRODUCTS,JKLAKSHMI,EQ,INE786A01032,"""JKLAKSHMI.NS""","""JKLAKSHMI.NS"","
JK Paper Ltd.,PAPER,JKPAPER,EQ,INE789E01012,"""JKPAPER.NS""","""JKPAPER.NS"","
JK Tyre & Industries Ltd.,AUTOMOBILE,JKTYRE,EQ,INE573A01042,"""JKTYRE.NS""","""JKTYRE.NS"","
JM Financial Ltd.,FINANCIAL SERVICES,JMFINANCIL,EQ,INE780C01023,"""JMFINANCIL.NS""","""JMFINANCIL.NS"","
JSW Energy Ltd.,POWER,JSWENERGY,EQ,INE121E01018,"""JSWENERGY.NS""","""JSWENERGY.NS"","
JSW Steel Ltd.,METALS,JSWSTEEL,EQ,INE019A01038,"""JSWSTEEL.NS""","""JSWSTEEL.NS"","
Jagran Prakashan Ltd.,MEDIA & ENTERTAINMENT,JAGRAN,EQ,INE199G01027,"""JAGRAN.NS""","""JAGRAN.NS"","
Jai Corp Ltd.,INDUSTRIAL MANUFACTURING,JAICORPLTD,EQ,INE070D01027,"""JAICORPLTD.NS""","""JAICORPLTD.NS"","
Jammu & Kashmir Bank Ltd.,FINANCIAL SERVICES,J&KBANK,EQ,INE168A01041,"""J&KBANK.NS""","""J&KBANK.NS"","
Jamna Auto Industries Ltd.,AUTOMOBILE,JAMNAAUTO,EQ,INE039C01032,"""JAMNAAUTO.NS""","""JAMNAAUTO.NS"","
Jindal Saw Ltd.,METALS,JINDALSAW,EQ,INE324A01024,"""JINDALSAW.NS""","""JINDALSAW.NS"","
Jindal Stainless (Hisar) Ltd.,METALS,JSLHISAR,EQ,INE455T01018,"""JSLHISAR.NS""","""JSLHISAR.NS"","
Jindal Stainless Ltd.,METALS,JSL,EQ,INE220G01021,"""JSL.NS""","""JSL.NS"","
Jindal Steel & Power Ltd.,METALS,JINDALSTEL,EQ,INE749A01030,"""JINDALSTEL.NS""","""JINDALSTEL.NS"","
Johnson Controls - Hitachi Air Conditioning India Ltd.,CONSUMER GOODS,JCHAC,EQ,INE782A01015,"""JCHAC.NS""","""JCHAC.NS"","
Jubilant Foodworks Ltd.,CONSUMER GOODS,JUBLFOOD,EQ,INE797F01012,"""JUBLFOOD.NS""","""JUBLFOOD.NS"","
Jubilant Life Sciences Ltd.,PHARMA,JUBILANT,EQ,INE700A01033,"""JUBILANT.NS""","""JUBILANT.NS"","
Justdial Ltd.,IT,JUSTDIAL,EQ,INE599M01018,"""JUSTDIAL.NS""","""JUSTDIAL.NS"","
Jyothy Labs Ltd.,CONSUMER GOODS,JYOTHYLAB,EQ,INE668F01031,"""JYOTHYLAB.NS""","""JYOTHYLAB.NS"","
K.P.R. Mill Ltd.,TEXTILES,KPRMILL,EQ,INE930H01023,"""KPRMILL.NS""","""KPRMILL.NS"","
KEI Industries Ltd.,INDUSTRIAL MANUFACTURING,KEI,EQ,INE878B01027,"""KEI.NS""","""KEI.NS"","
KNR Constructions Ltd.,CONSTRUCTION,KNRCON,EQ,INE634I01029,"""KNRCON.NS""","""KNRCON.NS"","
KPIT Technologies Ltd.,IT,KPITTECH,EQ,INE04I401011,"""KPITTECH.NS""","""KPITTECH.NS"","
KRBL Ltd.,CONSUMER GOODS,KRBL,EQ,INE001B01026,"""KRBL.NS""","""KRBL.NS"","
KSB Ltd.,INDUSTRIAL MANUFACTURING,KSB,EQ,INE999A01015,"""KSB.NS""","""KSB.NS"","
Kajaria Ceramics Ltd.,CONSTRUCTION,KAJARIACER,EQ,INE217B01036,"""KAJARIACER.NS""","""KAJARIACER.NS"","
Kalpataru Power Transmission Ltd.,POWER,KALPATPOWR,EQ,INE220B01022,"""KALPATPOWR.NS""","""KALPATPOWR.NS"","
Kansai Nerolac Paints Ltd.,CONSUMER GOODS,KANSAINER,EQ,INE531A01024,"""KANSAINER.NS""","""KANSAINER.NS"","
Karnataka Bank Ltd.,FINANCIAL SERVICES,KTKBANK,EQ,INE614B01018,"""KTKBANK.NS""","""KTKBANK.NS"","
Karur Vysya Bank Ltd.,FINANCIAL SERVICES,KARURVYSYA,EQ,INE036D01028,"""KARURVYSYA.NS""","""KARURVYSYA.NS"","
Kaveri Seed Company Ltd.,CONSUMER GOODS,KSCL,EQ,INE455I01029,"""KSCL.NS""","""KSCL.NS"","
Kec International Ltd.,CONSTRUCTION,KEC,EQ,INE389H01022,"""KEC.NS""","""KEC.NS"","
Kolte-Patil Developers Ltd.,CONSTRUCTION,KOLTEPATIL,EQ,INE094I01018,"""KOLTEPATIL.NS""","""KOLTEPATIL.NS"","
Kotak Mahindra Bank Ltd.,FINANCIAL SERVICES,KOTAKBANK,EQ,INE237A01028,"""KOTAKBANK.NS""","""KOTAKBANK.NS"","
L&T Finance Holdings Ltd.,FINANCIAL SERVICES,L&TFH,EQ,INE498L01015,"""L&TFH.NS""","""L&TFH.NS"","
L&T Technology Services Ltd.,IT,LTTS,EQ,INE010V01017,"""LTTS.NS""","""LTTS.NS"","
LIC Housing Finance Ltd.,FINANCIAL SERVICES,LICHSGFIN,EQ,INE115A01026,"""LICHSGFIN.NS""","""LICHSGFIN.NS"","
La Opala RG Ltd.,CONSUMER GOODS,LAOPALA,EQ,INE059D01020,"""LAOPALA.NS""","""LAOPALA.NS"","
Lakshmi Machine Works Ltd.,INDUSTRIAL MANUFACTURING,LAXMIMACH,EQ,INE269B01029,"""LAXMIMACH.NS""","""LAXMIMACH.NS"","
Larsen & Toubro Infotech Ltd.,IT,LTI,EQ,INE214T01019,"""LTI.NS""","""LTI.NS"","
Larsen & Toubro Ltd.,CONSTRUCTION,LT,EQ,INE018A01030,"""LT.NS""","""LT.NS"","
Laurus Labs Ltd.,PHARMA,LAURUSLABS,EQ,INE947Q01010,"""LAURUSLABS.NS""","""LAURUSLABS.NS"","
Lemon Tree Hotels Ltd.,SERVICES,LEMONTREE,EQ,INE970X01018,"""LEMONTREE.NS""","""LEMONTREE.NS"","
Linde India Ltd.,CHEMICALS,LINDEINDIA,EQ,INE473A01011,"""LINDEINDIA.NS""","""LINDEINDIA.NS"","
Lupin Ltd.,PHARMA,LUPIN,EQ,INE326A01037,"""LUPIN.NS""","""LUPIN.NS"","
Lux Industries Ltd.,TEXTILES,LUXIND,EQ,INE150G01020,"""LUXIND.NS""","""LUXIND.NS"","
MAS Financial Services Ltd.,FINANCIAL SERVICES,MASFIN,EQ,INE348L01012,"""MASFIN.NS""","""MASFIN.NS"","
MMTC Ltd.,SERVICES,MMTC,EQ,INE123F01029,"""MMTC.NS""","""MMTC.NS"","
MOIL Ltd.,METALS,MOIL,EQ,INE490G01020,"""MOIL.NS""","""MOIL.NS"","
MRF Ltd.,AUTOMOBILE,MRF,EQ,INE883A01011,"""MRF.NS""","""MRF.NS"","
Mahanagar Gas Ltd.,OIL & GAS,MGL,EQ,INE002S01010,"""MGL.NS""","""MGL.NS"","
Maharashtra Scooters Ltd.,AUTOMOBILE,MAHSCOOTER,EQ,INE288A01013,"""MAHSCOOTER.NS""","""MAHSCOOTER.NS"","
Maharashtra Seamless Ltd.,METALS,MAHSEAMLES,EQ,INE271B01025,"""MAHSEAMLES.NS""","""MAHSEAMLES.NS"","
Mahindra & Mahindra Financial Services Ltd.,FINANCIAL SERVICES,M&MFIN,EQ,INE774D01024,"""M&MFIN.NS""","""M&MFIN.NS"","
Mahindra & Mahindra Ltd.,AUTOMOBILE,M&M,EQ,INE101A01026,"""M&M.NS""","""M&M.NS"","
Mahindra CIE Automotive Ltd.,INDUSTRIAL MANUFACTURING,MAHINDCIE,EQ,INE536H01010,"""MAHINDCIE.NS""","""MAHINDCIE.NS"","
Mahindra Holidays & Resorts India Ltd.,SERVICES,MHRIL,EQ,INE998I01010,"""MHRIL.NS""","""MHRIL.NS"","
Mahindra Logistics Ltd.,SERVICES,MAHLOG,EQ,INE766P01016,"""MAHLOG.NS""","""MAHLOG.NS"","
Manappuram Finance Ltd.,FINANCIAL SERVICES,MANAPPURAM,EQ,INE522D01027,"""MANAPPURAM.NS""","""MANAPPURAM.NS"","
Mangalore Refinery & Petrochemicals Ltd.,OIL & GAS,MRPL,EQ,INE103A01014,"""MRPL.NS""","""MRPL.NS"","
Marico Ltd.,CONSUMER GOODS,MARICO,EQ,INE196A01026,"""MARICO.NS""","""MARICO.NS"","
Maruti Suzuki India Ltd.,AUTOMOBILE,MARUTI,EQ,INE585B01010,"""MARUTI.NS""","""MARUTI.NS"","
Max Financial Services Ltd.,FINANCIAL SERVICES,MFSL,EQ,INE180A01020,"""MFSL.NS""","""MFSL.NS"","
Metropolis Healthcare Ltd.,HEALTHCARE SERVICES,METROPOLIS,EQ,INE112L01020,"""METROPOLIS.NS""","""METROPOLIS.NS"","
MindTree Ltd.,IT,MINDTREE,EQ,INE018I01017,"""MINDTREE.NS""","""MINDTREE.NS"","
Minda Corporation Ltd.,AUTOMOBILE,MINDACORP,EQ,INE842C01021,"""MINDACORP.NS""","""MINDACORP.NS"","
Minda Industries Ltd.,AUTOMOBILE,MINDAIND,EQ,INE405E01023,"""MINDAIND.NS""","""MINDAIND.NS"","
Mishra Dhatu Nigam Ltd.,METALS,MIDHANI,EQ,INE099Z01011,"""MIDHANI.NS""","""MIDHANI.NS"","
Motherson Sumi Systems Ltd.,AUTOMOBILE,MOTHERSUMI,EQ,INE775A01035,"""MOTHERSUMI.NS""","""MOTHERSUMI.NS"","
Motilal Oswal Financial Services Ltd.,FINANCIAL SERVICES,MOTILALOFS,EQ,INE338I01027,"""MOTILALOFS.NS""","""MOTILALOFS.NS"","
MphasiS Ltd.,IT,MPHASIS,EQ,INE356A01018,"""MPHASIS.NS""","""MPHASIS.NS"","
Multi Commodity Exchange of India Ltd.,FINANCIAL SERVICES,MCX,EQ,INE745G01035,"""MCX.NS""","""MCX.NS"","
Muthoot Finance Ltd.,FINANCIAL SERVICES,MUTHOOTFIN,EQ,INE414G01012,"""MUTHOOTFIN.NS""","""MUTHOOTFIN.NS"","
NATCO Pharma Ltd.,PHARMA,NATCOPHARM,EQ,INE987B01026,"""NATCOPHARM.NS""","""NATCOPHARM.NS"","
NBCC (India) Ltd.,CONSTRUCTION,NBCC,EQ,INE095N01031,"""NBCC.NS""","""NBCC.NS"","
NCC Ltd.,CONSTRUCTION,NCC,EQ,INE868B01028,"""NCC.NS""","""NCC.NS"","
NESCO Ltd.,SERVICES,NESCO,EQ,INE317F01035,"""NESCO.NS""","""NESCO.NS"","
NHPC Ltd.,POWER,NHPC,EQ,INE848E01016,"""NHPC.NS""","""NHPC.NS"","
NLC India Ltd.,POWER,NLCINDIA,EQ,INE589A01014,"""NLCINDIA.NS""","""NLCINDIA.NS"","
NMDC Ltd.,METALS,NMDC,EQ,INE584A01023,"""NMDC.NS""","""NMDC.NS"","
NTPC Ltd.,POWER,NTPC,EQ,INE733E01010,"""NTPC.NS""","""NTPC.NS"","
Narayana Hrudayalaya Ltd.,HEALTHCARE SERVICES,NH,EQ,INE410P01011,"""NH.NS""","""NH.NS"","
National Aluminium Co. Ltd.,METALS,NATIONALUM,EQ,INE139A01034,"""NATIONALUM.NS""","""NATIONALUM.NS"","
National Fertilizers Ltd.,FERTILISERS & PESTICIDES,NFL,EQ,INE870D01012,"""NFL.NS""","""NFL.NS"","
Nava Bharat Ventures Ltd.,POWER,NBVENTURES,EQ,INE725A01022,"""NBVENTURES.NS""","""NBVENTURES.NS"","
Navin Fluorine International Ltd.,CHEMICALS,NAVINFLUOR,EQ,INE048G01026,"""NAVINFLUOR.NS""","""NAVINFLUOR.NS"","
Nestle India Ltd.,CONSUMER GOODS,NESTLEIND,EQ,INE239A01016,"""NESTLEIND.NS""","""NESTLEIND.NS"","
Nilkamal Ltd.,INDUSTRIAL MANUFACTURING,NILKAMAL,EQ,INE310A01015,"""NILKAMAL.NS""","""NILKAMAL.NS"","
Nippon Life India Asset Management Ltd.,FINANCIAL SERVICES,NAM-INDIA,EQ,INE298J01013,"""NAM-INDIA.NS""","""NAM-INDIA.NS"","
Oberoi Realty Ltd.,CONSTRUCTION,OBEROIRLTY,EQ,INE093I01010,"""OBEROIRLTY.NS""","""OBEROIRLTY.NS"","
Oil & Natural Gas Corporation Ltd.,OIL & GAS,ONGC,EQ,INE213A01029,"""ONGC.NS""","""ONGC.NS"","
Oil India Ltd.,OIL & GAS,OIL,EQ,INE274J01014,"""OIL.NS""","""OIL.NS"","
Omaxe Ltd.,CONSTRUCTION,OMAXE,EQ,INE800H01010,"""OMAXE.NS""","""OMAXE.NS"","
Oracle Financial Services Software Ltd.,IT,OFSS,EQ,INE881D01027,"""OFSS.NS""","""OFSS.NS"","
Orient Cement Ltd.,CEMENT & CEMENT PRODUCTS,ORIENTCEM,EQ,INE876N01018,"""ORIENTCEM.NS""","""ORIENTCEM.NS"","
Orient Electric Ltd.,CONSUMER GOODS,ORIENTELEC,EQ,INE142Z01019,"""ORIENTELEC.NS""","""ORIENTELEC.NS"","
Orient Refractories Ltd.,INDUSTRIAL MANUFACTURING,ORIENTREF,EQ,INE743M01012,"""ORIENTREF.NS""","""ORIENTREF.NS"","
PI Industries Ltd.,FERTILISERS & PESTICIDES,PIIND,EQ,INE603J01030,"""PIIND.NS""","""PIIND.NS"","
PNB Housing Finance Ltd.,FINANCIAL SERVICES,PNBHOUSING,EQ,INE572E01012,"""PNBHOUSING.NS""","""PNBHOUSING.NS"","
PNC Infratech Ltd.,CONSTRUCTION,PNCINFRA,EQ,INE195J01029,"""PNCINFRA.NS""","""PNCINFRA.NS"","
PTC India Ltd.,POWER,PTC,EQ,INE877F01012,"""PTC.NS""","""PTC.NS"","
PVR Ltd.,MEDIA & ENTERTAINMENT,PVR,EQ,INE191H01014,"""PVR.NS""","""PVR.NS"","
Page Industries Ltd.,TEXTILES,PAGEIND,EQ,INE761H01022,"""PAGEIND.NS""","""PAGEIND.NS"","
Persistent Systems Ltd.,IT,PERSISTENT,EQ,INE262H01013,"""PERSISTENT.NS""","""PERSISTENT.NS"","
Petronet LNG Ltd.,OIL & GAS,PETRONET,EQ,INE347G01014,"""PETRONET.NS""","""PETRONET.NS"","
Pfizer Ltd.,PHARMA,PFIZER,EQ,INE182A01018,"""PFIZER.NS""","""PFIZER.NS"","
Phillips Carbon Black Ltd.,CHEMICALS,PHILIPCARB,EQ,INE602A01023,"""PHILIPCARB.NS""","""PHILIPCARB.NS"","
Phoenix Mills Ltd.,CONSTRUCTION,PHOENIXLTD,EQ,INE211B01039,"""PHOENIXLTD.NS""","""PHOENIXLTD.NS"","
Pidilite Industries Ltd.,CHEMICALS,PIDILITIND,EQ,INE318A01026,"""PIDILITIND.NS""","""PIDILITIND.NS"","
Piramal Enterprises Ltd.,FINANCIAL SERVICES,PEL,EQ,INE140A01024,"""PEL.NS""","""PEL.NS"","
Poly Medicure Ltd.,PHARMA,POLYMED,EQ,INE205C01021,"""POLYMED.NS""","""POLYMED.NS"","
Polycab India Ltd.,INDUSTRIAL MANUFACTURING,POLYCAB,EQ,INE455K01017,"""POLYCAB.NS""","""POLYCAB.NS"","
Power Finance Corporation Ltd.,FINANCIAL SERVICES,PFC,EQ,INE134E01011,"""PFC.NS""","""PFC.NS"","
Power Grid Corporation of India Ltd.,POWER,POWERGRID,EQ,INE752E01010,"""POWERGRID.NS""","""POWERGRID.NS"","
Praj Industries Ltd.,INDUSTRIAL MANUFACTURING,PRAJIND,EQ,INE074A01025,"""PRAJIND.NS""","""PRAJIND.NS"","
Prestige Estates Projects Ltd.,CONSTRUCTION,PRESTIGE,EQ,INE811K01011,"""PRESTIGE.NS""","""PRESTIGE.NS"","
Prism Johnson Ltd.,CEMENT & CEMENT PRODUCTS,PRSMJOHNSN,EQ,INE010A01011,"""PRSMJOHNSN.NS""","""PRSMJOHNSN.NS"","
Procter & Gamble Health Ltd.,PHARMA,PGHL,EQ,INE199A01012,"""PGHL.NS""","""PGHL.NS"","
Procter & Gamble Hygiene & Health Care Ltd.,CONSUMER GOODS,PGHH,EQ,INE179A01014,"""PGHH.NS""","""PGHH.NS"","
Punjab National Bank,FINANCIAL SERVICES,PNB,EQ,INE160A01022,"""PNB.NS""","""PNB.NS"","
Quess Corp Ltd.,SERVICES,QUESS,EQ,INE615P01015,"""QUESS.NS""","""QUESS.NS"","
RBL Bank Ltd.,FINANCIAL SERVICES,RBLBANK,EQ,INE976G01028,"""RBLBANK.NS""","""RBLBANK.NS"","
REC Ltd.,FINANCIAL SERVICES,RECLTD,EQ,INE020B01018,"""RECLTD.NS""","""RECLTD.NS"","
RITES Ltd.,SERVICES,RITES,EQ,INE320J01015,"""RITES.NS""","""RITES.NS"","
Radico Khaitan Ltd,CONSUMER GOODS,RADICO,EQ,INE944F01028,"""RADICO.NS""","""RADICO.NS"","
Rail Vikas Nigam Ltd.,CONSTRUCTION,RVNL,EQ,INE415G01027,"""RVNL.NS""","""RVNL.NS"","
Rain Industries Ltd,CHEMICALS,RAIN,EQ,INE855B01025,"""RAIN.NS""","""RAIN.NS"","
Rajesh Exports Ltd.,CONSUMER GOODS,RAJESHEXPO,EQ,INE343B01030,"""RAJESHEXPO.NS""","""RAJESHEXPO.NS"","
Rallis India Ltd.,FERTILISERS & PESTICIDES,RALLIS,EQ,INE613A01020,"""RALLIS.NS""","""RALLIS.NS"","
Rashtriya Chemicals & Fertilizers Ltd.,FERTILISERS & PESTICIDES,RCF,EQ,INE027A01015,"""RCF.NS""","""RCF.NS"","
Ratnamani Metals & Tubes Ltd.,METALS,RATNAMANI,EQ,INE703B01027,"""RATNAMANI.NS""","""RATNAMANI.NS"","
Raymond Ltd.,TEXTILES,RAYMOND,EQ,INE301A01014,"""RAYMOND.NS""","""RAYMOND.NS"","
Redington (India) Ltd.,SERVICES,REDINGTON,EQ,INE891D01026,"""REDINGTON.NS""","""REDINGTON.NS"","
Relaxo Footwears Ltd.,CONSUMER GOODS,RELAXO,EQ,INE131B01039,"""RELAXO.NS""","""RELAXO.NS"","
Reliance Industries Ltd.,OIL & GAS,RELIANCE,EQ,INE002A01018,"""RELIANCE.NS""","""RELIANCE.NS"","
Repco Home Finance Ltd.,FINANCIAL SERVICES,REPCOHOME,EQ,INE612J01015,"""REPCOHOME.NS""","""REPCOHOME.NS"","
SBI Cards and Payment Services Ltd.,FINANCIAL SERVICES,SBICARD,EQ,INE018E01016,"""SBICARD.NS""","""SBICARD.NS"","
SBI Life Insurance Company Ltd.,FINANCIAL SERVICES,SBILIFE,EQ,INE123W01016,"""SBILIFE.NS""","""SBILIFE.NS"","
SJVN Ltd.,POWER,SJVN,EQ,INE002L01015,"""SJVN.NS""","""SJVN.NS"","
SKF India Ltd.,INDUSTRIAL MANUFACTURING,SKFINDIA,EQ,INE640A01023,"""SKFINDIA.NS""","""SKFINDIA.NS"","
SRF Ltd.,INDUSTRIAL MANUFACTURING,SRF,EQ,INE647A01010,"""SRF.NS""","""SRF.NS"","
Sadbhav Engineering Ltd.,CONSTRUCTION,SADBHAV,EQ,INE226H01026,"""SADBHAV.NS""","""SADBHAV.NS"","
Sanofi India Ltd.,PHARMA,SANOFI,EQ,INE058A01010,"""SANOFI.NS""","""SANOFI.NS"","
Schaeffler India Ltd.,INDUSTRIAL MANUFACTURING,SCHAEFFLER,EQ,INE513A01014,"""SCHAEFFLER.NS""","""SCHAEFFLER.NS"","
Schneider Electric Infrastructure Ltd.,INDUSTRIAL MANUFACTURING,SCHNEIDER,EQ,INE839M01018,"""SCHNEIDER.NS""","""SCHNEIDER.NS"","
Security and Intelligence Services (India) Ltd.,SERVICES,SIS,EQ,INE285J01028,"""SIS.NS""","""SIS.NS"","
Sequent Scientific Ltd.,PHARMA,SEQUENT,EQ,INE807F01027,"""SEQUENT.NS""","""SEQUENT.NS"","
Sheela Foam Ltd.,CONSUMER GOODS,SFL,EQ,INE916U01025,"""SFL.NS""","""SFL.NS"","
Shipping Corporation of India Ltd.,SERVICES,SCI,EQ,INE109A01011,"""SCI.NS""","""SCI.NS"","
Shoppers Stop Ltd.,CONSUMER GOODS,SHOPERSTOP,EQ,INE498B01024,"""SHOPERSTOP.NS""","""SHOPERSTOP.NS"","
Shree Cement Ltd.,CEMENT & CEMENT PRODUCTS,SHREECEM,EQ,INE070A01015,"""SHREECEM.NS""","""SHREECEM.NS"","
Shree Renuka Sugars Ltd.,CONSUMER GOODS,RENUKA,EQ,INE087H01022,"""RENUKA.NS""","""RENUKA.NS"","
Shriram City Union Finance Ltd.,FINANCIAL SERVICES,SHRIRAMCIT,EQ,INE722A01011,"""SHRIRAMCIT.NS""","""SHRIRAMCIT.NS"","
Shriram Transport Finance Co. Ltd.,FINANCIAL SERVICES,SRTRANSFIN,EQ,INE721A01013,"""SRTRANSFIN.NS""","""SRTRANSFIN.NS"","
Siemens Ltd.,INDUSTRIAL MANUFACTURING,SIEMENS,EQ,INE003A01024,"""SIEMENS.NS""","""SIEMENS.NS"","
Sobha Ltd.,CONSTRUCTION,SOBHA,EQ,INE671H01015,"""SOBHA.NS""","""SOBHA.NS"","
Solar Industries India Ltd.,CHEMICALS,SOLARINDS,EQ,INE343H01029,"""SOLARINDS.NS""","""SOLARINDS.NS"","
Sonata Software Ltd.,IT,SONATSOFTW,EQ,INE269A01021,"""SONATSOFTW.NS""","""SONATSOFTW.NS"","
South Indian Bank Ltd.,FINANCIAL SERVICES,SOUTHBANK,EQ,INE683A01023,"""SOUTHBANK.NS""","""SOUTHBANK.NS"","
Spandana Sphoorty Financial Ltd.,FINANCIAL SERVICES,SPANDANA,EQ,INE572J01011,"""SPANDANA.NS""","""SPANDANA.NS"","
Spicejet Ltd.,SERVICES,SPICEJET,EQ,INE285B01017,"""SPICEJET.NS""","""SPICEJET.NS"","
Star Cement Ltd.,CEMENT & CEMENT PRODUCTS,STARCEMENT,EQ,INE460H01021,"""STARCEMENT.NS""","""STARCEMENT.NS"","
State Bank of India,FINANCIAL SERVICES,SBIN,EQ,INE062A01020,"""SBIN.NS""","""SBIN.NS"","
Steel Authority of India Ltd.,METALS,SAIL,EQ,INE114A01011,"""SAIL.NS""","""SAIL.NS"","
Sterling And Wilson Solar Ltd.,CONSTRUCTION,SWSOLAR,EQ,INE00M201021,"""SWSOLAR.NS""","""SWSOLAR.NS"","
Sterlite Technologies Ltd.,TELECOM,STRTECH,EQ,INE089C01029,"""STRTECH.NS""","""STRTECH.NS"","
Strides Pharma Science Ltd.,PHARMA,STAR,EQ,INE939A01011,"""STAR.NS""","""STAR.NS"","
Sudarshan Chemical Industries Ltd.,CHEMICALS,SUDARSCHEM,EQ,INE659A01023,"""SUDARSCHEM.NS""","""SUDARSCHEM.NS"","
Sumitomo Chemical India Ltd.,CHEMICALS,SUMICHEM,EQ,INE258G01013,"""SUMICHEM.NS""","""SUMICHEM.NS"","
Sun Pharma Advanced Research Company Ltd.,PHARMA,SPARC,EQ,INE232I01014,"""SPARC.NS""","""SPARC.NS"","
Sun Pharmaceutical Industries Ltd.,PHARMA,SUNPHARMA,EQ,INE044A01036,"""SUNPHARMA.NS""","""SUNPHARMA.NS"","
Sun TV Network Ltd.,MEDIA & ENTERTAINMENT,SUNTV,EQ,INE424H01027,"""SUNTV.NS""","""SUNTV.NS"","
Sundaram Finance Ltd.,FINANCIAL SERVICES,SUNDARMFIN,EQ,INE660A01013,"""SUNDARMFIN.NS""","""SUNDARMFIN.NS"","
Sundram Fasteners Ltd.,AUTOMOBILE,SUNDRMFAST,EQ,INE387A01021,"""SUNDRMFAST.NS""","""SUNDRMFAST.NS"","
Sunteck Realty Ltd.,CONSTRUCTION,SUNTECK,EQ,INE805D01034,"""SUNTECK.NS""","""SUNTECK.NS"","
Suprajit Engineering Ltd.,AUTOMOBILE,SUPRAJIT,EQ,INE399C01030,"""SUPRAJIT.NS""","""SUPRAJIT.NS"","
Supreme Industries Ltd.,INDUSTRIAL MANUFACTURING,SUPREMEIND,EQ,INE195A01028,"""SUPREMEIND.NS""","""SUPREMEIND.NS"","
Suzlon Energy Ltd.,INDUSTRIAL MANUFACTURING,SUZLON,EQ,INE040H01021,"""SUZLON.NS""","""SUZLON.NS"","
Swan Energy Ltd.,CONSTRUCTION,SWANENERGY,EQ,INE665A01038,"""SWANENERGY.NS""","""SWANENERGY.NS"","
Symphony Ltd.,CONSUMER GOODS,SYMPHONY,EQ,INE225D01027,"""SYMPHONY.NS""","""SYMPHONY.NS"","
Syngene International Ltd.,PHARMA,SYNGENE,EQ,INE398R01022,"""SYNGENE.NS""","""SYNGENE.NS"","
TCI Express Ltd.,SERVICES,TCIEXP,EQ,INE586V01016,"""TCIEXP.NS""","""TCIEXP.NS"","
TCNS Clothing Co. Ltd.,TEXTILES,TCNSBRANDS,EQ,INE778U01029,"""TCNSBRANDS.NS""","""TCNSBRANDS.NS"","
TTK Prestige Ltd.,CONSUMER GOODS,TTKPRESTIG,EQ,INE690A01010,"""TTKPRESTIG.NS""","""TTKPRESTIG.NS"","
TV Today Network Ltd.,MEDIA & ENTERTAINMENT,TVTODAY,EQ,INE038F01029,"""TVTODAY.NS""","""TVTODAY.NS"","
TV18 Broadcast Ltd.,MEDIA & ENTERTAINMENT,TV18BRDCST,EQ,INE886H01027,"""TV18BRDCST.NS""","""TV18BRDCST.NS"","
TVS Motor Company Ltd.,AUTOMOBILE,TVSMOTOR,EQ,INE494B01023,"""TVSMOTOR.NS""","""TVSMOTOR.NS"","
Take Solutions Ltd.,PHARMA,TAKE,EQ,INE142I01023,"""TAKE.NS""","""TAKE.NS"","
Tasty Bite Eatables Ltd.,CONSUMER GOODS,TASTYBITE,EQ,INE488B01017,"""TASTYBITE.NS""","""TASTYBITE.NS"","
Tata Communications Ltd.,TELECOM,TATACOMM,EQ,INE151A01013,"""TATACOMM.NS""","""TATACOMM.NS"","
Tata Consultancy Services Ltd.,IT,TCS,EQ,INE467B01029,"""TCS.NS""","""TCS.NS"","
Tata Consumer Products Ltd.,CONSUMER GOODS,TATACONSUM,EQ,INE192A01025,"""TATACONSUM.NS""","""TATACONSUM.NS"","
Tata Elxsi Ltd.,IT,TATAELXSI,EQ,INE670A01012,"""TATAELXSI.NS""","""TATAELXSI.NS"","
Tata Investment Corporation Ltd.,FINANCIAL SERVICES,TATAINVEST,EQ,INE672A01018,"""TATAINVEST.NS""","""TATAINVEST.NS"","
Tata Motors Ltd DVR,AUTOMOBILE,TATAMTRDVR,EQ,IN9155A01020,"""TATAMTRDVR.NS""","""TATAMTRDVR.NS"","
Tata Motors Ltd.,AUTOMOBILE,TATAMOTORS,EQ,INE155A01022,"""TATAMOTORS.NS""","""TATAMOTORS.NS"","
Tata Power Co. Ltd.,POWER,TATAPOWER,EQ,INE245A01021,"""TATAPOWER.NS""","""TATAPOWER.NS"","
Tata Steel BSL Ltd.,METALS,TATASTLBSL,EQ,INE824B01021,"""TATASTLBSL.NS""","""TATASTLBSL.NS"","
Tata Steel Ltd.,METALS,TATASTEEL,EQ,INE081A01012,"""TATASTEEL.NS""","""TATASTEEL.NS"","
Teamlease Services Ltd.,SERVICES,TEAMLEASE,EQ,INE985S01024,"""TEAMLEASE.NS""","""TEAMLEASE.NS"","
Tech Mahindra Ltd.,IT,TECHM,EQ,INE669C01036,"""TECHM.NS""","""TECHM.NS"","
The New India Assurance Company Ltd.,FINANCIAL SERVICES,NIACL,EQ,INE470Y01017,"""NIACL.NS""","""NIACL.NS"","
The Ramco Cements Ltd.,CEMENT & CEMENT PRODUCTS,RAMCOCEM,EQ,INE331A01037,"""RAMCOCEM.NS""","""RAMCOCEM.NS"","
Thermax Ltd.,INDUSTRIAL MANUFACTURING,THERMAX,EQ,INE152A01029,"""THERMAX.NS""","""THERMAX.NS"","
Thyrocare Technologies Ltd.,HEALTHCARE SERVICES,THYROCARE,EQ,INE594H01019,"""THYROCARE.NS""","""THYROCARE.NS"","
Time Technoplast Ltd.,INDUSTRIAL MANUFACTURING,TIMETECHNO,EQ,INE508G01029,"""TIMETECHNO.NS""","""TIMETECHNO.NS"","
Timken India Ltd.,INDUSTRIAL MANUFACTURING,TIMKEN,EQ,INE325A01013,"""TIMKEN.NS""","""TIMKEN.NS"","
Titan Company Ltd.,CONSUMER GOODS,TITAN,EQ,INE280A01028,"""TITAN.NS""","""TITAN.NS"","
Torrent Pharmaceuticals Ltd.,PHARMA,TORNTPHARM,EQ,INE685A01028,"""TORNTPHARM.NS""","""TORNTPHARM.NS"","
Torrent Power Ltd.,POWER,TORNTPOWER,EQ,INE813H01021,"""TORNTPOWER.NS""","""TORNTPOWER.NS"","
Trent Ltd.,CONSUMER GOODS,TRENT,EQ,INE849A01020,"""TRENT.NS""","""TRENT.NS"","
Trident Ltd.,TEXTILES,TRIDENT,EQ,INE064C01022,"""TRIDENT.NS""","""TRIDENT.NS"","
Tube Investments of India Ltd.,AUTOMOBILE,TIINDIA,EQ,INE974X01010,"""TIINDIA.NS""","""TIINDIA.NS"","
UCO Bank,FINANCIAL SERVICES,UCOBANK,EQ,INE691A01018,"""UCOBANK.NS""","""UCOBANK.NS"","
UFLEX Ltd.,INDUSTRIAL MANUFACTURING,UFLEX,EQ,INE516A01017,"""UFLEX.NS""","""UFLEX.NS"","
UPL Ltd.,FERTILISERS & PESTICIDES,UPL,EQ,INE628A01036,"""UPL.NS""","""UPL.NS"","
Ujjivan Financial Services Ltd.,FINANCIAL SERVICES,UJJIVAN,EQ,INE334L01012,"""UJJIVAN.NS""","""UJJIVAN.NS"","
Ujjivan Small Finance Bank Ltd.,FINANCIAL SERVICES,UJJIVANSFB,EQ,INE551W01018,"""UJJIVANSFB.NS""","""UJJIVANSFB.NS"","
UltraTech Cement Ltd.,CEMENT & CEMENT PRODUCTS,ULTRACEMCO,EQ,INE481G01011,"""ULTRACEMCO.NS""","""ULTRACEMCO.NS"","
Union Bank of India,FINANCIAL SERVICES,UNIONBANK,EQ,INE692A01016,"""UNIONBANK.NS""","""UNIONBANK.NS"","
United Breweries Ltd.,CONSUMER GOODS,UBL,EQ,INE686F01025,"""UBL.NS""","""UBL.NS"","
United Spirits Ltd.,CONSUMER GOODS,MCDOWELL-N,EQ,INE854D01024,"""MCDOWELL-N.NS""","""MCDOWELL-N.NS"","
V-Guard Industries Ltd.,CONSUMER GOODS,VGUARD,EQ,INE951I01027,"""VGUARD.NS""","""VGUARD.NS"","
V-Mart Retail Ltd.,CONSUMER GOODS,VMART,EQ,INE665J01013,"""VMART.NS""","""VMART.NS"","
V.I.P. Industries Ltd.,CONSUMER GOODS,VIPIND,EQ,INE054A01027,"""VIPIND.NS""","""VIPIND.NS"","
VRL Logistics Ltd.,SERVICES,VRLLOG,EQ,INE366I01010,"""VRLLOG.NS""","""VRLLOG.NS"","
VST Industries Ltd.,CONSUMER GOODS,VSTIND,EQ,INE710A01016,"""VSTIND.NS""","""VSTIND.NS"","
Vaibhav Global Ltd.,CONSUMER GOODS,VAIBHAVGBL,EQ,INE884A01019,"""VAIBHAVGBL.NS""","""VAIBHAVGBL.NS"","
Vakrangee Ltd.,IT,VAKRANGEE,EQ,INE051B01021,"""VAKRANGEE.NS""","""VAKRANGEE.NS"","
Vardhman Textiles Ltd.,TEXTILES,VTL,EQ,INE825A01012,"""VTL.NS""","""VTL.NS"","
Varroc Engineering Ltd.,AUTOMOBILE,VARROC,EQ,INE665L01035,"""VARROC.NS""","""VARROC.NS"","
Varun Beverages Ltd.,CONSUMER GOODS,VBL,EQ,INE200M01013,"""VBL.NS""","""VBL.NS"","
Venky's (India) Ltd.,CONSUMER GOODS,VENKEYS,EQ,INE398A01010,"""VENKEYS.NS""","""VENKEYS.NS"","
Vesuvius India Ltd.,INDUSTRIAL MANUFACTURING,VESUVIUS,EQ,INE386A01015,"""VESUVIUS.NS""","""VESUVIUS.NS"","
Vinati Organics Ltd.,CHEMICALS,VINATIORGA,EQ,INE410B01037,"""VINATIORGA.NS""","""VINATIORGA.NS"","
Vodafone Idea Ltd.,TELECOM,IDEA,EQ,INE669E01016,"""IDEA.NS""","""IDEA.NS"","
Voltas Ltd.,CONSUMER GOODS,VOLTAS,EQ,INE226A01021,"""VOLTAS.NS""","""VOLTAS.NS"","
WABCO India Ltd.,AUTOMOBILE,WABCOINDIA,EQ,INE342J01019,"""WABCOINDIA.NS""","""WABCOINDIA.NS"","
Welspun Corp Ltd.,METALS,WELCORP,EQ,INE191B01025,"""WELCORP.NS""","""WELCORP.NS"","
Welspun India Ltd.,TEXTILES,WELSPUNIND,EQ,INE192B01031,"""WELSPUNIND.NS""","""WELSPUNIND.NS"","
Westlife Development Ltd.,SERVICES,WESTLIFE,EQ,INE274F01020,"""WESTLIFE.NS""","""WESTLIFE.NS"","
Whirlpool of India Ltd.,CONSUMER GOODS,WHIRLPOOL,EQ,INE716A01013,"""WHIRLPOOL.NS""","""WHIRLPOOL.NS"","
Wipro Ltd.,IT,WIPRO,EQ,INE075A01022,"""WIPRO.NS""","""WIPRO.NS"","
Wockhardt Ltd.,PHARMA,WOCKPHARMA,EQ,INE049B01025,"""WOCKPHARMA.NS""","""WOCKPHARMA.NS"","
Zee Entertainment Enterprises Ltd.,MEDIA & ENTERTAINMENT,ZEEL,EQ,INE256A01028,"""ZEEL.NS""","""ZEEL.NS"","
Zensar Technolgies Ltd.,IT,ZENSARTECH,EQ,INE520A01027,"""ZENSARTECH.NS""","""ZENSARTECH.NS"","
Zydus Wellness Ltd.,CONSUMER GOODS,ZYDUSWELL,EQ,INE768C01010,"""ZYDUSWELL.NS""","""ZYDUSWELL.NS"","
eClerx Services Ltd.,IT,ECLERX,EQ,INE738I01010,"""ECLERX.NS""","""ECLERX.NS"","
